id,email,password
1,latashia@example.com,password
2,alice@example.com,password
3,katelyn@example.com,password
4,tona@example.com,password
5,morgan@example.com,password
6,sarina@example.com,password
7,priscila@example.com,password
8,bob@example.com,password
9,carol@example.com,password
10,bernie@example.com,password
11,bryant@example.com,password
12,scott@example.com,password
13,merlene@example.com,password
14,lou@example.com,password
15,eddie@example.com,password
16,jerrell@example.com,password
17,alfred@example.com,password
18,cristen@example.com,password
19,shantell@example.com,password
20,loma@example.com,password
21,laura@example.com,password
22,gayle@example.com,password
23,dewitt@example.com,password
24,dallas@example.com,password
25,shelly@example.com,password
26,ruthie@example.com,password
27,christopher@example.com,password
28,diann@example.com,password
29,clement@example.com,password
30,claudia@example.com,password
31,chara@example.com,password
32,nedra@example.com,password
33,inge@example.com,password
34,coletta@example.com,password
35,emmett@example.com,password
36,kristan@example.com,password
37,logan@example.com,password
38,sherwood@example.com,password
39,esteban@example.com,password
40,zelda@example.com,password
41,stanley@example.com,password
42,clarence@example.com,password
43,virgilio@example.com,password
44,latricia@example.com,password
45,jennifer@example.com,password
46,ferdinand@example.com,password
47,shalonda@example.com,password
48,terrell@example.com,password
49,sharice@example.com,password
50,billy@example.com,password
